<?xml version="1.0" encoding="UTF-8"?>
<addon id="repository.vladoem"
  version="1.0.0"
  name="Kodi vladoem Doplnky"
  provider-name="Kodi vladom">
  <extension point="xbmc.addon.repository"
    name="repozitár vladoem doplnkov">
    <info compressed="false">https://vladoem.github.io/repository/repo/addons.xml</info>
    <checksum>https://vladoem.github.io/repository/repo/addons.xml.md5</checksum>
    <datadir zip="true">https://vladoem.github.io/repository/repo/</datadir>
  </extension>
  <extension point="xbmc.addon.metadata">
    <summary>repozitár vladoem doplnkov</summary>
    <description>
      This is my repository
    </description>
    <description lang="sk">
      Toto je môj repozitár
    </description>
    <platform>all</platform>
    <language>cs sk</language>
  </extension>
</addon>
