<?xml version="1.0" encoding="UTF-8" standalone="yes"?>
<addon id="plugin.program.vladoem.favo" name="VladoEm Sync Favorites" provider-name="Vlado Em" version="1.1.0">
    <requires>
      <import addon="xbmc.python" version="3.0.0"/>
    </requires>
    <extension library="default.py" point="xbmc.python.pluginsource" provides="executable">
      <provides>executable</provides>
    </extension>
    <extension point="xbmc.addon.metadata">
      <summary lang="en">vladoem.favo</summary>
      <summary lang="cs">vladoem.favo</summary>
      <summary lang="sk">vladoem.favo</summary>
      <description lang="en">Sync favorites.xml</description>
      <description lang="cs">Synchronizace favorites.xml</description>
      <description lang="sk">Synchronizácia favorites.xml</description>
      <news>
[B]Initial version:[/B]
- first version

[B]1.0.1:[/B]
- correct name

[B]1.0.2:[/B]
- Python 3.0.0

[B]1.1.0:[/B]
- add Just Reload

      </news>
      <platform>all</platform>
    </extension>
</addon>